Type,Object
md5,192ce97a188add6f8182d77f4ed316e2
md5,142aa3bade0947008aaa059ce89f33d4
md5,28ee024253e3c07d5c3df984a59fbb6f
md5,32cf8b43e5be6333bc3b3bc160bae4ae
md5,512a0b1d32b43aa427da7ed4031ee382
md5,63a1aa28e048e8a579de961f481cc139
md5,86ab33b96d659d892c3f4d2beca853f9
md5,a092de3695eb437e1494c39f164886f3
md5,a127393fd3eb7fab41e725aed1aada43
md5,c977394da4c63daee1e9ed38efaefef5
sha256,20A8F4494F6F458A429FD68C2D4372F9E855F6C95E762D4ABD92214B4533BB7E
sha256,4A8126315EBFD6FE0B76A770EE0F7937E8C9B2AEC48349675DCD730940CB4DAD
sha256,5431857AD65D46936DB4AA58E64174CAD1739CA50CFB224330FB135298554A68
sha256,58EAC9E52013D35E2D6FA053AD87ADF853735A962EB40F13FDD092F4F4CA2135
sha256,45A09286F4DBF768AA1AE63A4A9FAC8686BC47C3EA3B53826629169801D254E5
sha256,6AA0A4B6E2CA1FCE32B499A291D55030F898F1A734907C00CBCD9A456E3D3156
sha256,E165758F4C3A9D68C547FA369B30B8A05CE05207D6A5AF6DFF8FCD9ABD207FE7
sha256,895889CB1332015007828A8B9E5B423AE41C41DEB73D50A2325774775E37760E
sha256,9CA48D49A500ACADBDF5832846F904187BD4952E25559E8DE3D1209FFBA4563B
sha256,B6E82B730585EEC9459F688F55C568A3A359F97B74A5DF9F444CFA80BF692A6F
sha256,68AD13017D60528F259109E40D1660237142BBA775B78FD4F5CF80008AAC872F
sha256,C98BBCBDDBCF2244363323E63514DE80EAA45DE5B932AA5DAECEFA616AF0A4E9
sha256,CB1AE252CC385230C70C66B96523111705BE0C91923152DAEC8294DF74639670
sha256,CE639616DE191D137281854586ED1D2EFAF90938C85AA2BA29AB2798F69AE934
sha256,D5A9BC68CAFAF5E345B48789C67E77D6C529B95ECD26539EE951C8B1BD9CF42C
sha256,F4ABB629585B1B0524E917C8C79DB27D672953BAF3D7353F8DA0D0442814B4EA
sha256,F6366EB3F215309EC200C5B8903ACEF185F3BCB2A37E48CFD725BA0EA8397A33
sha256,9AA1F37517458D635EAE4F9B43CB4770880EA0EE171E7E4AD155BBDEE0CBE732
ip,217.79.243.148
ip,23.160.193.145
ip,38.135.122.130
ip,64.235.39.82
url,http://38.135.122.130/agent64.bin
url,http://bluetechsupply.com/ro.css
url,http://217.79.243.148/a
url,http://31.44.184.232:443/kzjn
